scenario_id,category,label,measurement,mode,size_bytes,size_label,run_index,timestamp_utc,hop_count,circuit_count,use_ces_pipeline,use_cse,use_compression_only,compression,erasure_threshold,erasure_threshold_percent,selection_mode,payload_padding_strategy,header_padding_enabled,enable_auth_tag,max_jitter_ms,connect_ms,key_exchange_ms,transfer_ms,pipeline_process_ms,pipeline_reconstruct_ms,total_ms,per_hop_ms,throughput_mib_per_s,excluded
focused-direct-baseline,focused-onion,Direct baseline,direct,direct,16777216,16MB,1,2026-03-12T10:37:43Z,0,0,false,false,false,,0,0.00,rtt,,false,false,0,0.001000,0.000000,47.083500,0.000000,0.000000,47.084500,0.000000,339.814589,false
focused-direct-baseline,focused-onion,Direct baseline,direct,direct,16777216,16MB,2,2026-03-12T10:37:44Z,0,0,false,false,false,,0,0.00,rtt,,false,false,0,0.000834,0.000000,49.792333,0.000000,0.000000,49.793167,0.000000,321.329230,false
focused-direct-baseline,focused-onion,Direct baseline,direct,direct,16777216,16MB,3,2026-03-12T10:37:44Z,0,0,false,false,false,,0,0.00,rtt,,false,false,0,0.000917,0.000000,45.875667,0.000000,0.000000,45.876584,0.000000,348.761800,true
focused-direct-baseline,focused-onion,Direct baseline,direct,direct,16777216,16MB,4,2026-03-12T10:37:44Z,0,0,false,false,false,,0,0.00,rtt,,false,false,0,0.000833,0.000000,50.538917,0.000000,0.000000,50.539750,0.000000,316.582492,false
focused-direct-baseline,focused-onion,Direct baseline,direct,direct,16777216,16MB,5,2026-03-12T10:37:44Z,0,0,false,false,false,,0,0.00,rtt,,false,false,0,0.000833,0.000000,50.733542,0.000000,0.000000,50.734375,0.000000,315.368032,false
focused-direct-baseline,focused-onion,Direct baseline,direct,direct,16777216,16MB,6,2026-03-12T10:37:44Z,0,0,false,false,false,,0,0.00,rtt,,false,false,0,0.000834,0.000000,49.980292,0.000000,0.000000,49.981126,0.000000,320.120839,false
focused-direct-baseline,focused-onion,Direct baseline,direct,direct,16777216,16MB,7,2026-03-12T10:37:45Z,0,0,false,false,false,,0,0.00,rtt,,false,false,0,0.000791,0.000000,46.697917,0.000000,0.000000,46.698708,0.000000,342.621899,true
focused-direct-baseline,focused-onion,Direct baseline,direct,direct,16777216,16MB,8,2026-03-12T10:37:45Z,0,0,false,false,false,,0,0.00,rtt,,false,false,0,0.000791,0.000000,46.804875,0.000000,0.000000,46.805666,0.000000,341.838956,false
focused-direct-baseline,focused-onion,Direct baseline,direct,direct,16777216,16MB,9,2026-03-12T10:37:45Z,0,0,false,false,false,,0,0.00,rtt,,false,false,0,0.000833,0.000000,49.856042,0.000000,0.000000,49.856875,0.000000,320.918630,false
focused-direct-baseline,focused-onion,Direct baseline,direct,direct,16777216,16MB,10,2026-03-12T10:37:45Z,0,0,false,false,false,,0,0.00,rtt,,false,false,0,0.000791,0.000000,50.064333,0.000000,0.000000,50.065124,0.000000,319.583749,false
focused-direct-baseline,focused-onion,Direct baseline,direct,direct,16777216,16MB,11,2026-03-12T10:37:45Z,0,0,false,false,false,,0,0.00,rtt,,false,false,0,0.001000,0.000000,49.040042,0.000000,0.000000,49.041042,0.000000,326.257342,false
focused-direct-baseline,focused-onion,Direct baseline,direct,direct,16777216,16MB,12,2026-03-12T10:37:46Z,0,0,false,false,false,,0,0.00,rtt,,false,false,0,0.000833,0.000000,50.282125,0.000000,0.000000,50.282958,0.000000,318.199259,false
focused-direct-baseline,focused-onion,Direct baseline,direct,direct,33554432,32MB,1,2026-03-12T10:37:46Z,0,0,false,false,false,,0,0.00,rtt,,false,false,0,0.000791,0.000000,88.036208,0.000000,0.000000,88.036999,0.000000,363.483539,false
focused-direct-baseline,focused-onion,Direct baseline,direct,direct,33554432,32MB,2,2026-03-12T10:37:46Z,0,0,false,false,false,,0,0.00,rtt,,false,false,0,0.000625,0.000000,87.082750,0.000000,0.000000,87.083375,0.000000,367.463939,true
focused-direct-baseline,focused-onion,Direct baseline,direct,direct,33554432,32MB,3,2026-03-12T10:37:46Z,0,0,false,false,false,,0,0.00,rtt,,false,false,0,0.000875,0.000000,89.222958,0.000000,0.000000,89.223833,0.000000,358.648569,false
focused-direct-baseline,focused-onion,Direct baseline,direct,direct,33554432,32MB,4,2026-03-12T10:37:46Z,0,0,false,false,false,,0,0.00,rtt,,false,false,0,0.001000,0.000000,98.484458,0.000000,0.000000,98.485458,0.000000,324.921066,false
focused-direct-baseline,focused-onion,Direct baseline,direct,direct,33554432,32MB,5,2026-03-12T10:37:47Z,0,0,false,false,false,,0,0.00,rtt,,false,false,0,0.000917,0.000000,88.393125,0.000000,0.000000,88.394042,0.000000,362.015349,false
focused-direct-baseline,focused-onion,Direct baseline,direct,direct,33554432,32MB,6,2026-03-12T10:37:47Z,0,0,false,false,false,,0,0.00,rtt,,false,false,0,0.000750,0.000000,87.634542,0.000000,0.000000,87.635292,0.000000,365.149693,false
focused-direct-baseline,focused-onion,Direct baseline,direct,direct,33554432,32MB,7,2026-03-12T10:37:47Z,0,0,false,false,false,,0,0.00,rtt,,false,false,0,0.000791,0.000000,98.519542,0.000000,0.000000,98.520333,0.000000,324.806048,false
focused-direct-baseline,focused-onion,Direct baseline,direct,direct,33554432,32MB,8,2026-03-12T10:37:47Z,0,0,false,false,false,,0,0.00,rtt,,false,false,0,0.000875,0.000000,97.112666,0.000000,0.000000,97.113541,0.000000,329.511206,false
focused-direct-baseline,focused-onion,Direct baseline,direct,direct,33554432,32MB,9,2026-03-12T10:37:48Z,0,0,false,false,false,,0,0.00,rtt,,false,false,0,0.000959,0.000000,93.270750,0.000000,0.000000,93.271709,0.000000,343.083668,false
focused-direct-baseline,focused-onion,Direct baseline,direct,direct,33554432,32MB,10,2026-03-12T10:37:48Z,0,0,false,false,false,,0,0.00,rtt,,false,false,0,0.000750,0.000000,86.468125,0.000000,0.000000,86.468875,0.000000,370.075359,true
focused-direct-baseline,focused-onion,Direct baseline,direct,direct,33554432,32MB,11,2026-03-12T10:37:48Z,0,0,false,false,false,,0,0.00,rtt,,false,false,0,0.000708,0.000000,96.960000,0.000000,0.000000,96.960708,0.000000,330.030593,false
focused-direct-baseline,focused-onion,Direct baseline,direct,direct,33554432,32MB,12,2026-03-12T10:37:49Z,0,0,false,false,false,,0,0.00,rtt,,false,false,0,0.000833,0.000000,95.497417,0.000000,0.000000,95.498250,0.000000,335.084674,false
focused-direct-baseline,focused-onion,Direct baseline,direct,direct,67108864,64MB,1,2026-03-12T10:37:49Z,0,0,false,false,false,,0,0.00,rtt,,false,false,0,0.000708,0.000000,201.745041,0.000000,0.000000,201.745749,0.000000,317.230972,false
focused-direct-baseline,focused-onion,Direct baseline,direct,direct,67108864,64MB,2,2026-03-12T10:37:49Z,0,0,false,false,false,,0,0.00,rtt,,false,false,0,0.000792,0.000000,192.076292,0.000000,0.000000,192.077084,0.000000,333.199561,false
focused-direct-baseline,focused-onion,Direct baseline,direct,direct,67108864,64MB,3,2026-03-12T10:37:50Z,0,0,false,false,false,,0,0.00,rtt,,false,false,0,0.000833,0.000000,195.428292,0.000000,0.000000,195.429125,0.000000,327.484452,false
focused-direct-baseline,focused-onion,Direct baseline,direct,direct,67108864,64MB,4,2026-03-12T10:37:50Z,0,0,false,false,false,,0,0.00,rtt,,false,false,0,0.000750,0.000000,176.951833,0.000000,0.000000,176.952583,0.000000,361.678812,true
focused-direct-baseline,focused-onion,Direct baseline,direct,direct,67108864,64MB,5,2026-03-12T10:37:50Z,0,0,false,false,false,,0,0.00,rtt,,false,false,0,0.000750,0.000000,193.225875,0.000000,0.000000,193.226625,0.000000,331.217295,false
focused-direct-baseline,focused-onion,Direct baseline,direct,direct,67108864,64MB,6,2026-03-12T10:37:51Z,0,0,false,false,false,,0,0.00,rtt,,false,false,0,0.000792,0.000000,195.141417,0.000000,0.000000,195.142209,0.000000,327.965950,false
focused-direct-baseline,focused-onion,Direct baseline,direct,direct,67108864,64MB,7,2026-03-12T10:37:51Z,0,0,false,false,false,,0,0.00,rtt,,false,false,0,0.000792,0.000000,198.095750,0.000000,0.000000,198.096542,0.000000,323.074797,false
focused-direct-baseline,focused-onion,Direct baseline,direct,direct,67108864,64MB,8,2026-03-12T10:37:52Z,0,0,false,false,false,,0,0.00,rtt,,false,false,0,0.000833,0.000000,196.143417,0.000000,0.000000,196.144250,0.000000,326.290472,false
focused-direct-baseline,focused-onion,Direct baseline,direct,direct,67108864,64MB,9,2026-03-12T10:37:52Z,0,0,false,false,false,,0,0.00,rtt,,false,false,0,0.000834,0.000000,198.152833,0.000000,0.000000,198.153667,0.000000,322.981658,false
focused-direct-baseline,focused-onion,Direct baseline,direct,direct,67108864,64MB,10,2026-03-12T10:37:52Z,0,0,false,false,false,,0,0.00,rtt,,false,false,0,0.000834,0.000000,195.729250,0.000000,0.000000,195.730084,0.000000,326.980905,false
focused-direct-baseline,focused-onion,Direct baseline,direct,direct,67108864,64MB,11,2026-03-12T10:37:53Z,0,0,false,false,false,,0,0.00,rtt,,false,false,0,0.000792,0.000000,197.500041,0.000000,0.000000,197.500833,0.000000,324.049266,false
focused-direct-baseline,focused-onion,Direct baseline,direct,direct,67108864,64MB,12,2026-03-12T10:37:53Z,0,0,false,false,false,,0,0.00,rtt,,false,false,0,0.000792,0.000000,203.038333,0.000000,0.000000,203.039125,0.000000,315.210184,true
focused-direct-baseline,focused-onion,Direct baseline,direct,direct,134217728,128MB,1,2026-03-12T10:37:54Z,0,0,false,false,false,,0,0.00,rtt,,false,false,0,0.000833,0.000000,386.032375,0.000000,0.000000,386.033208,0.000000,331.577692,false
focused-direct-baseline,focused-onion,Direct baseline,direct,direct,134217728,128MB,2,2026-03-12T10:37:54Z,0,0,false,false,false,,0,0.00,rtt,,false,false,0,0.000875,0.000000,393.277750,0.000000,0.000000,393.278625,0.000000,325.468998,false
focused-direct-baseline,focused-onion,Direct baseline,direct,direct,134217728,128MB,3,2026-03-12T10:37:55Z,0,0,false,false,false,,0,0.00,rtt,,false,false,0,0.000917,0.000000,399.488834,0.000000,0.000000,399.489751,0.000000,320.408721,true
focused-direct-baseline,focused-onion,Direct baseline,direct,direct,134217728,128MB,4,2026-03-12T10:37:56Z,0,0,false,false,false,,0,0.00,rtt,,false,false,0,0.001000,0.000000,388.192000,0.000000,0.000000,388.193000,0.000000,329.732891,false
focused-direct-baseline,focused-onion,Direct baseline,direct,direct,134217728,128MB,5,2026-03-12T10:37:57Z,0,0,false,false,false,,0,0.00,rtt,,false,false,0,0.000792,0.000000,386.574292,0.000000,0.000000,386.575084,0.000000,331.112907,false
focused-direct-baseline,focused-onion,Direct baseline,direct,direct,134217728,128MB,6,2026-03-12T10:37:57Z,0,0,false,false,false,,0,0.00,rtt,,false,false,0,0.000833,0.000000,387.449333,0.000000,0.000000,387.450166,0.000000,330.365067,false
focused-direct-baseline,focused-onion,Direct baseline,direct,direct,134217728,128MB,7,2026-03-12T10:37:58Z,0,0,false,false,false,,0,0.00,rtt,,false,false,0,0.000750,0.000000,389.711917,0.000000,0.000000,389.712667,0.000000,328.447112,false
focused-direct-baseline,focused-onion,Direct baseline,direct,direct,134217728,128MB,8,2026-03-12T10:37:59Z,0,0,false,false,false,,0,0.00,rtt,,false,false,0,0.000708,0.000000,386.129333,0.000000,0.000000,386.130041,0.000000,331.494539,false
focused-direct-baseline,focused-onion,Direct baseline,direct,direct,134217728,128MB,9,2026-03-12T10:37:59Z,0,0,false,false,false,,0,0.00,rtt,,false,false,0,0.000917,0.000000,392.859208,0.000000,0.000000,392.860125,0.000000,325.815709,false
focused-direct-baseline,focused-onion,Direct baseline,direct,direct,134217728,128MB,10,2026-03-12T10:38:00Z,0,0,false,false,false,,0,0.00,rtt,,false,false,0,0.000834,0.000000,395.709209,0.000000,0.000000,395.710043,0.000000,323.469172,true
focused-direct-baseline,focused-onion,Direct baseline,direct,direct,134217728,128MB,11,2026-03-12T10:38:01Z,0,0,false,false,false,,0,0.00,rtt,,false,false,0,0.001000,0.000000,387.499625,0.000000,0.000000,387.500625,0.000000,330.322048,false
focused-direct-baseline,focused-onion,Direct baseline,direct,direct,134217728,128MB,12,2026-03-12T10:38:01Z,0,0,false,false,false,,0,0.00,rtt,,false,false,0,0.001667,0.000000,394.355708,0.000000,0.000000,394.357375,0.000000,324.578690,false
focused-direct-baseline,focused-onion,Direct baseline,direct,direct,268435456,256MB,1,2026-03-12T10:38:02Z,0,0,false,false,false,,0,0.00,rtt,,false,false,0,0.001000,0.000000,766.718416,0.000000,0.000000,766.719416,0.000000,333.890071,false
focused-direct-baseline,focused-onion,Direct baseline,direct,direct,268435456,256MB,2,2026-03-12T10:38:04Z,0,0,false,false,false,,0,0.00,rtt,,false,false,0,0.000791,0.000000,769.804917,0.000000,0.000000,769.805708,0.000000,332.551444,false
focused-direct-baseline,focused-onion,Direct baseline,direct,direct,268435456,256MB,3,2026-03-12T10:38:05Z,0,0,false,false,false,,0,0.00,rtt,,false,false,0,0.000875,0.000000,752.156542,0.000000,0.000000,752.157417,0.000000,340.354285,false
focused-direct-baseline,focused-onion,Direct baseline,direct,direct,268435456,256MB,4,2026-03-12T10:38:06Z,0,0,false,false,false,,0,0.00,rtt,,false,false,0,0.000791,0.000000,753.452375,0.000000,0.000000,753.453166,0.000000,339.768962,false
focused-direct-baseline,focused-onion,Direct baseline,direct,direct,268435456,256MB,5,2026-03-12T10:38:07Z,0,0,false,false,false,,0,0.00,rtt,,false,false,0,0.000958,0.000000,752.917541,0.000000,0.000000,752.918499,0.000000,340.010241,false
focused-direct-baseline,focused-onion,Direct baseline,direct,direct,268435456,256MB,6,2026-03-12T10:38:09Z,0,0,false,false,false,,0,0.00,rtt,,false,false,0,0.000833,0.000000,756.572458,0.000000,0.000000,756.573291,0.000000,338.367747,false
focused-direct-baseline,focused-onion,Direct baseline,direct,direct,268435456,256MB,7,2026-03-12T10:38:10Z,0,0,false,false,false,,0,0.00,rtt,,false,false,0,0.000958,0.000000,769.841542,0.000000,0.000000,769.842500,0.000000,332.535551,false
focused-direct-baseline,focused-onion,Direct baseline,direct,direct,268435456,256MB,8,2026-03-12T10:38:11Z,0,0,false,false,false,,0,0.00,rtt,,false,false,0,0.000834,0.000000,776.370875,0.000000,0.000000,776.371709,0.000000,329.738960,true
focused-direct-baseline,focused-onion,Direct baseline,direct,direct,268435456,256MB,9,2026-03-12T10:38:12Z,0,0,false,false,false,,0,0.00,rtt,,false,false,0,0.000916,0.000000,760.028958,0.000000,0.000000,760.029874,0.000000,336.828865,false
focused-direct-baseline,focused-onion,Direct baseline,direct,direct,268435456,256MB,10,2026-03-12T10:38:14Z,0,0,false,false,false,,0,0.00,rtt,,false,false,0,0.000916,0.000000,750.151750,0.000000,0.000000,750.152666,0.000000,341.263867,true
focused-direct-baseline,focused-onion,Direct baseline,direct,direct,268435456,256MB,11,2026-03-12T10:38:15Z,0,0,false,false,false,,0,0.00,rtt,,false,false,0,0.000959,0.000000,759.839375,0.000000,0.000000,759.840334,0.000000,336.912886,false
focused-direct-baseline,focused-onion,Direct baseline,direct,direct,268435456,256MB,12,2026-03-12T10:38:16Z,0,0,false,false,false,,0,0.00,rtt,,false,false,0,0.001083,0.000000,762.559375,0.000000,0.000000,762.560458,0.000000,335.711087,false
focused-direct-baseline,focused-onion,Direct baseline,direct,direct,536870912,512MB,1,2026-03-12T10:38:18Z,0,0,false,false,false,,0,0.00,rtt,,false,false,0,0.000791,0.000000,1527.390625,0.000000,0.000000,1527.391416,0.000000,335.212045,true
focused-direct-baseline,focused-onion,Direct baseline,direct,direct,536870912,512MB,2,2026-03-12T10:38:20Z,0,0,false,false,false,,0,0.00,rtt,,false,false,0,0.001000,0.000000,1555.265375,0.000000,0.000000,1555.266375,0.000000,329.204057,false
focused-direct-baseline,focused-onion,Direct baseline,direct,direct,536870912,512MB,3,2026-03-12T10:38:23Z,0,0,false,false,false,,0,0.00,rtt,,false,false,0,0.000875,0.000000,1584.519083,0.000000,0.000000,1584.519958,0.000000,323.126255,true
focused-direct-baseline,focused-onion,Direct baseline,direct,direct,536870912,512MB,4,2026-03-12T10:38:25Z,0,0,false,false,false,,0,0.00,rtt,,false,false,0,0.000833,0.000000,1564.811209,0.000000,0.000000,1564.812042,0.000000,327.195846,false
focused-direct-baseline,focused-onion,Direct baseline,direct,direct,536870912,512MB,5,2026-03-12T10:38:27Z,0,0,false,false,false,,0,0.00,rtt,,false,false,0,0.000917,0.000000,1550.419625,0.000000,0.000000,1550.420542,0.000000,330.232983,false
focused-direct-baseline,focused-onion,Direct baseline,direct,direct,536870912,512MB,6,2026-03-12T10:38:30Z,0,0,false,false,false,,0,0.00,rtt,,false,false,0,0.000917,0.000000,1554.520292,0.000000,0.000000,1554.521209,0.000000,329.361862,false
focused-direct-baseline,focused-onion,Direct baseline,direct,direct,536870912,512MB,7,2026-03-12T10:38:32Z,0,0,false,false,false,,0,0.00,rtt,,false,false,0,0.000792,0.000000,1536.655000,0.000000,0.000000,1536.655792,0.000000,333.191078,false
focused-direct-baseline,focused-onion,Direct baseline,direct,direct,536870912,512MB,8,2026-03-12T10:38:35Z,0,0,false,false,false,,0,0.00,rtt,,false,false,0,0.001000,0.000000,1581.113166,0.000000,0.000000,1581.114166,0.000000,323.822284,false
focused-direct-baseline,focused-onion,Direct baseline,direct,direct,536870912,512MB,9,2026-03-12T10:38:37Z,0,0,false,false,false,,0,0.00,rtt,,false,false,0,0.000917,0.000000,1556.913875,0.000000,0.000000,1556.914792,0.000000,328.855505,false
focused-direct-baseline,focused-onion,Direct baseline,direct,direct,536870912,512MB,10,2026-03-12T10:38:40Z,0,0,false,false,false,,0,0.00,rtt,,false,false,0,0.000959,0.000000,1556.815000,0.000000,0.000000,1556.815959,0.000000,328.876382,false
focused-direct-baseline,focused-onion,Direct baseline,direct,direct,536870912,512MB,11,2026-03-12T10:38:42Z,0,0,false,false,false,,0,0.00,rtt,,false,false,0,0.000917,0.000000,1538.635708,0.000000,0.000000,1538.636625,0.000000,332.762130,false
focused-direct-baseline,focused-onion,Direct baseline,direct,direct,536870912,512MB,12,2026-03-12T10:38:44Z,0,0,false,false,false,,0,0.00,rtt,,false,false,0,0.000958,0.000000,1550.802583,0.000000,0.000000,1550.803541,0.000000,330.151426,false
focused-header-only-c1,focused-onion,Header-only 2 hops 1 circuit,mixnet,header-only,16777216,16MB,1,2026-03-12T10:38:46Z,2,1,false,false,false,gzip,1,100.00,rtt,,false,false,0,0.702875,3.092333,55.916917,0.000000,0.000000,59.712125,29.856063,267.952279,false
focused-header-only-c1,focused-onion,Header-only 2 hops 1 circuit,mixnet,header-only,16777216,16MB,2,2026-03-12T10:38:46Z,2,1,false,false,false,gzip,1,100.00,rtt,,false,false,0,0.692416,3.125209,51.090625,0.000000,0.000000,54.908250,27.454125,291.395191,false
focused-header-only-c1,focused-onion,Header-only 2 hops 1 circuit,mixnet,header-only,16777216,16MB,3,2026-03-12T10:38:47Z,2,1,false,false,false,gzip,1,100.00,rtt,,false,false,0,0.649584,3.053291,46.320500,0.000000,0.000000,50.023375,25.011688,319.850470,true
focused-header-only-c1,focused-onion,Header-only 2 hops 1 circuit,mixnet,header-only,16777216,16MB,4,2026-03-12T10:38:47Z,2,1,false,false,false,gzip,1,100.00,rtt,,false,false,0,0.789916,3.093792,46.478709,0.000000,0.000000,50.362417,25.181209,317.697223,false
focused-header-only-c1,focused-onion,Header-only 2 hops 1 circuit,mixnet,header-only,16777216,16MB,5,2026-03-12T10:38:47Z,2,1,false,false,false,gzip,1,100.00,rtt,,false,false,0,0.611500,2.985084,45.156584,0.000000,0.000000,48.753168,24.376584,328.183801,true
focused-header-only-c1,focused-onion,Header-only 2 hops 1 circuit,mixnet,header-only,16777216,16MB,6,2026-03-12T10:38:47Z,2,1,false,false,false,gzip,1,100.00,rtt,,false,false,0,0.649458,3.067083,53.820500,0.000000,0.000000,57.537041,28.768521,278.081732,false
focused-header-only-c1,focused-onion,Header-only 2 hops 1 circuit,mixnet,header-only,16777216,16MB,7,2026-03-12T10:38:48Z,2,1,false,false,false,gzip,1,100.00,rtt,,false,false,0,0.707375,3.090500,51.359209,0.000000,0.000000,55.157084,27.578542,290.080600,false
focused-header-only-c1,focused-onion,Header-only 2 hops 1 circuit,mixnet,header-only,16777216,16MB,8,2026-03-12T10:38:48Z,2,1,false,false,false,gzip,1,100.00,rtt,,false,false,0,0.580292,3.079417,53.381000,0.000000,0.000000,57.040709,28.520354,280.501422,false
focused-header-only-c1,focused-onion,Header-only 2 hops 1 circuit,mixnet,header-only,16777216,16MB,9,2026-03-12T10:38:48Z,2,1,false,false,false,gzip,1,100.00,rtt,,false,false,0,0.629500,3.140459,53.247458,0.000000,0.000000,57.017417,28.508709,280.616009,false
focused-header-only-c1,focused-onion,Header-only 2 hops 1 circuit,mixnet,header-only,16777216,16MB,10,2026-03-12T10:38:48Z,2,1,false,false,false,gzip,1,100.00,rtt,,false,false,0,0.638292,3.301541,53.685292,0.000000,0.000000,57.625125,28.812562,277.656665,false
focused-header-only-c1,focused-onion,Header-only 2 hops 1 circuit,mixnet,header-only,16777216,16MB,11,2026-03-12T10:38:49Z,2,1,false,false,false,gzip,1,100.00,rtt,,false,false,0,0.654875,3.150458,51.742625,0.000000,0.000000,55.547958,27.773979,288.039391,false
focused-header-only-c1,focused-onion,Header-only 2 hops 1 circuit,mixnet,header-only,16777216,16MB,12,2026-03-12T10:38:49Z,2,1,false,false,false,gzip,1,100.00,rtt,,false,false,0,0.666000,2.993959,48.443750,0.000000,0.000000,52.103709,26.051855,307.079866,false
focused-header-only-c1,focused-onion,Header-only 2 hops 1 circuit,mixnet,header-only,33554432,32MB,1,2026-03-12T10:38:49Z,2,1,false,false,false,gzip,1,100.00,rtt,,false,false,0,0.623375,3.144750,95.935708,0.000000,0.000000,99.703833,49.851917,320.950550,false
focused-header-only-c1,focused-onion,Header-only 2 hops 1 circuit,mixnet,header-only,33554432,32MB,2,2026-03-12T10:38:50Z,2,1,false,false,false,gzip,1,100.00,rtt,,false,false,0,0.668292,3.171500,87.229625,0.000000,0.000000,91.069417,45.534709,351.380310,false
focused-header-only-c1,focused-onion,Header-only 2 hops 1 circuit,mixnet,header-only,33554432,32MB,3,2026-03-12T10:38:50Z,2,1,false,false,false,gzip,1,100.00,rtt,,false,false,0,0.644083,3.155667,95.963375,0.000000,0.000000,99.763125,49.881563,320.759800,false
focused-header-only-c1,focused-onion,Header-only 2 hops 1 circuit,mixnet,header-only,33554432,32MB,4,2026-03-12T10:38:50Z,2,1,false,false,false,gzip,1,100.00,rtt,,false,false,0,0.718125,3.181167,96.842667,0.000000,0.000000,100.741959,50.370980,317.643218,false
focused-header-only-c1,focused-onion,Header-only 2 hops 1 circuit,mixnet,header-only,33554432,32MB,5,2026-03-12T10:38:51Z,2,1,false,false,false,gzip,1,100.00,rtt,,false,false,0,0.656250,3.074125,98.945750,0.000000,0.000000,102.676125,51.338062,311.659600,false
focused-header-only-c1,focused-onion,Header-only 2 hops 1 circuit,mixnet,header-only,33554432,32MB,6,2026-03-12T10:38:51Z,2,1,false,false,false,gzip,1,100.00,rtt,,false,false,0,0.695291,3.177041,98.812625,0.000000,0.000000,102.684957,51.342478,311.632793,false
focused-header-only-c1,focused-onion,Header-only 2 hops 1 circuit,mixnet,header-only,33554432,32MB,7,2026-03-12T10:38:51Z,2,1,false,false,false,gzip,1,100.00,rtt,,false,false,0,0.638166,3.099125,86.684500,0.000000,0.000000,90.421791,45.210895,353.896994,false
focused-header-only-c1,focused-onion,Header-only 2 hops 1 circuit,mixnet,header-only,33554432,32MB,8,2026-03-12T10:38:52Z,2,1,false,false,false,gzip,1,100.00,rtt,,false,false,0,0.733042,3.134000,85.466084,0.000000,0.000000,89.333126,44.666563,358.209787,true
focused-header-only-c1,focused-onion,Header-only 2 hops 1 circuit,mixnet,header-only,33554432,32MB,9,2026-03-12T10:38:52Z,2,1,false,false,false,gzip,1,100.00,rtt,,false,false,0,0.722458,3.169167,101.269667,0.000000,0.000000,105.161292,52.580646,304.294474,false
focused-header-only-c1,focused-onion,Header-only 2 hops 1 circuit,mixnet,header-only,33554432,32MB,10,2026-03-12T10:38:52Z,2,1,false,false,false,gzip,1,100.00,rtt,,false,false,0,0.562042,3.159208,86.222292,0.000000,0.000000,89.943542,44.971771,355.778740,false
focused-header-only-c1,focused-onion,Header-only 2 hops 1 circuit,mixnet,header-only,33554432,32MB,11,2026-03-12T10:38:53Z,2,1,false,false,false,gzip,1,100.00,rtt,,false,false,0,0.624416,3.077583,85.794625,0.000000,0.000000,89.496624,44.748312,357.555387,true
focused-header-only-c1,focused-onion,Header-only 2 hops 1 circuit,mixnet,header-only,33554432,32MB,12,2026-03-12T10:38:53Z,2,1,false,false,false,gzip,1,100.00,rtt,,false,false,0,0.662250,3.054583,98.317750,0.000000,0.000000,102.034583,51.017291,313.619158,false
focused-header-only-c1,focused-onion,Header-only 2 hops 1 circuit,mixnet,header-only,67108864,64MB,1,2026-03-12T10:38:53Z,2,1,false,false,false,gzip,1,100.00,rtt,,false,false,0,0.648833,3.114667,181.856334,0.000000,0.000000,185.619834,92.809917,344.790740,true
focused-header-only-c1,focused-onion,Header-only 2 hops 1 circuit,mixnet,header-only,67108864,64MB,2,2026-03-12T10:38:54Z,2,1,false,false,false,gzip,1,100.00,rtt,,false,false,0,0.565583,3.156292,199.779166,0.000000,0.000000,203.501041,101.750521,314.494706,false
focused-header-only-c1,focused-onion,Header-only 2 hops 1 circuit,mixnet,header-only,67108864,64MB,3,2026-03-12T10:38:54Z,2,1,false,false,false,gzip,1,100.00,rtt,,false,false,0,0.742334,3.128917,215.457917,0.000000,0.000000,219.329168,109.664584,291.798855,false
focused-header-only-c1,focused-onion,Header-only 2 hops 1 circuit,mixnet,header-only,67108864,64MB,4,2026-03-12T10:38:55Z,2,1,false,false,false,gzip,1,100.00,rtt,,false,false,0,0.727458,3.158667,208.093209,0.000000,0.000000,211.979334,105.989667,301.916224,false
focused-header-only-c1,focused-onion,Header-only 2 hops 1 circuit,mixnet,header-only,67108864,64MB,5,2026-03-12T10:38:55Z,2,1,false,false,false,gzip,1,100.00,rtt,,false,false,0,0.712625,3.144333,181.889125,0.000000,0.000000,185.746083,92.873041,344.556391,false
focused-header-only-c1,focused-onion,Header-only 2 hops 1 circuit,mixnet,header-only,67108864,64MB,6,2026-03-12T10:38:56Z,2,1,false,false,false,gzip,1,100.00,rtt,,false,false,0,0.608500,3.121500,208.024500,0.000000,0.000000,211.754500,105.877250,302.236788,false
focused-header-only-c1,focused-onion,Header-only 2 hops 1 circuit,mixnet,header-only,67108864,64MB,7,2026-03-12T10:38:56Z,2,1,false,false,false,gzip,1,100.00,rtt,,false,false,0,0.670542,3.150417,189.871250,0.000000,0.000000,193.692209,96.846104,330.421137,false
focused-header-only-c1,focused-onion,Header-only 2 hops 1 circuit,mixnet,header-only,67108864,64MB,8,2026-03-12T10:38:57Z,2,1,false,false,false,gzip,1,100.00,rtt,,false,false,0,0.718500,3.105625,208.752083,0.000000,0.000000,212.576208,106.288104,301.068500,false
focused-header-only-c1,focused-onion,Header-only 2 hops 1 circuit,mixnet,header-only,67108864,64MB,9,2026-03-12T10:38:57Z,2,1,false,false,false,gzip,1,100.00,rtt,,false,false,0,0.703084,3.075875,235.691208,0.000000,0.000000,239.470167,119.735083,267.256673,true
focused-header-only-c1,focused-onion,Header-only 2 hops 1 circuit,mixnet,header-only,67108864,64MB,10,2026-03-12T10:38:58Z,2,1,false,false,false,gzip,1,100.00,rtt,,false,false,0,0.620750,3.090625,223.000833,0.000000,0.000000,226.712208,113.356104,282.296223,false
focused-header-only-c1,focused-onion,Header-only 2 hops 1 circuit,mixnet,header-only,67108864,64MB,11,2026-03-12T10:38:58Z,2,1,false,false,false,gzip,1,100.00,rtt,,false,false,0,0.678000,3.125333,215.194042,0.000000,0.000000,218.997375,109.498688,292.240946,false
focused-header-only-c1,focused-onion,Header-only 2 hops 1 circuit,mixnet,header-only,67108864,64MB,12,2026-03-12T10:38:59Z,2,1,false,false,false,gzip,1,100.00,rtt,,false,false,0,0.640709,3.139833,204.026750,0.000000,0.000000,207.807292,103.903646,307.977643,false
focused-header-only-c1,focused-onion,Header-only 2 hops 1 circuit,mixnet,header-only,134217728,128MB,1,2026-03-12T10:38:59Z,2,1,false,false,false,gzip,1,100.00,rtt,,false,false,0,0.650667,3.082500,355.645917,0.000000,0.000000,359.379084,179.689542,356.169865,true
focused-header-only-c1,focused-onion,Header-only 2 hops 1 circuit,mixnet,header-only,134217728,128MB,2,2026-03-12T10:39:00Z,2,1,false,false,false,gzip,1,100.00,rtt,,false,false,0,0.669625,3.142750,404.400375,0.000000,0.000000,408.212750,204.106375,313.561985,false
focused-header-only-c1,focused-onion,Header-only 2 hops 1 circuit,mixnet,header-only,134217728,128MB,3,2026-03-12T10:39:01Z,2,1,false,false,false,gzip,1,100.00,rtt,,false,false,0,0.629167,3.128958,428.128666,0.000000,0.000000,431.886791,215.943396,296.373963,false
focused-header-only-c1,focused-onion,Header-only 2 hops 1 circuit,mixnet,header-only,134217728,128MB,4,2026-03-12T10:39:02Z,2,1,false,false,false,gzip,1,100.00,rtt,,false,false,0,0.709542,3.082042,353.630834,0.000000,0.000000,357.422418,178.711209,358.119675,true
focused-header-only-c1,focused-onion,Header-only 2 hops 1 circuit,mixnet,header-only,134217728,128MB,5,2026-03-12T10:39:02Z,2,1,false,false,false,gzip,1,100.00,rtt,,false,false,0,0.754459,3.061584,408.144958,0.000000,0.000000,411.961001,205.980500,310.709023,false
focused-header-only-c1,focused-onion,Header-only 2 hops 1 circuit,mixnet,header-only,134217728,128MB,6,2026-03-12T10:39:03Z,2,1,false,false,false,gzip,1,100.00,rtt,,false,false,0,0.653083,3.016833,407.795041,0.000000,0.000000,411.464957,205.732479,311.083600,false
focused-header-only-c1,focused-onion,Header-only 2 hops 1 circuit,mixnet,header-only,134217728,128MB,7,2026-03-12T10:39:04Z,2,1,false,false,false,gzip,1,100.00,rtt,,false,false,0,0.723583,3.150791,381.807000,0.000000,0.000000,385.681374,192.840687,331.880170,false
focused-header-only-c1,focused-onion,Header-only 2 hops 1 circuit,mixnet,header-only,134217728,128MB,8,2026-03-12T10:39:05Z,2,1,false,false,false,gzip,1,100.00,rtt,,false,false,0,0.669458,3.209584,355.579166,0.000000,0.000000,359.458208,179.729104,356.091465,false
focused-header-only-c1,focused-onion,Header-only 2 hops 1 circuit,mixnet,header-only,134217728,128MB,9,2026-03-12T10:39:05Z,2,1,false,false,false,gzip,1,100.00,rtt,,false,false,0,0.649750,3.037083,436.447792,0.000000,0.000000,440.134625,220.067312,290.820110,false
focused-header-only-c1,focused-onion,Header-only 2 hops 1 circuit,mixnet,header-only,134217728,128MB,10,2026-03-12T10:39:06Z,2,1,false,false,false,gzip,1,100.00,rtt,,false,false,0,0.673583,2.960667,409.886833,0.000000,0.000000,413.521083,206.760542,309.536817,false
focused-header-only-c1,focused-onion,Header-only 2 hops 1 circuit,mixnet,header-only,134217728,128MB,11,2026-03-12T10:39:07Z,2,1,false,false,false,gzip,1,100.00,rtt,,false,false,0,0.663958,3.026084,429.991833,0.000000,0.000000,433.681875,216.840937,295.147221,false
focused-header-only-c1,focused-onion,Header-only 2 hops 1 circuit,mixnet,header-only,134217728,128MB,12,2026-03-12T10:39:08Z,2,1,false,false,false,gzip,1,100.00,rtt,,false,false,0,0.754333,3.142833,357.107709,0.000000,0.000000,361.004875,180.502438,354.565849,false
focused-header-only-c1,focused-onion,Header-only 2 hops 1 circuit,mixnet,header-only,268435456,256MB,1,2026-03-12T10:39:09Z,2,1,false,false,false,gzip,1,100.00,rtt,,false,false,0,0.681917,3.080000,776.226625,0.000000,0.000000,779.988542,389.994271,328.209950,false
focused-header-only-c1,focused-onion,Header-only 2 hops 1 circuit,mixnet,header-only,268435456,256MB,2,2026-03-12T10:39:10Z,2,1,false,false,false,gzip,1,100.00,rtt,,false,false,0,0.710000,3.125375,841.852459,0.000000,0.000000,845.687834,422.843917,302.712171,false
focused-header-only-c1,focused-onion,Header-only 2 hops 1 circuit,mixnet,header-only,268435456,256MB,3,2026-03-12T10:39:11Z,2,1,false,false,false,gzip,1,100.00,rtt,,false,false,0,0.648792,3.041750,805.560584,0.000000,0.000000,809.251126,404.625563,316.341852,false
focused-header-only-c1,focused-onion,Header-only 2 hops 1 circuit,mixnet,header-only,268435456,256MB,4,2026-03-12T10:39:13Z,2,1,false,false,false,gzip,1,100.00,rtt,,false,false,0,0.642667,2.993833,691.235166,0.000000,0.000000,694.871666,347.435833,368.413352,true
focused-header-only-c1,focused-onion,Header-only 2 hops 1 circuit,mixnet,header-only,268435456,256MB,5,2026-03-12T10:39:14Z,2,1,false,false,false,gzip,1,100.00,rtt,,false,false,0,0.727708,3.085209,762.220875,0.000000,0.000000,766.033792,383.016896,334.188913,false
focused-header-only-c1,focused-onion,Header-only 2 hops 1 circuit,mixnet,header-only,268435456,256MB,6,2026-03-12T10:39:15Z,2,1,false,false,false,gzip,1,100.00,rtt,,false,false,0,0.685250,3.078083,791.836000,0.000000,0.000000,795.599333,397.799667,321.770003,false
focused-header-only-c1,focused-onion,Header-only 2 hops 1 circuit,mixnet,header-only,268435456,256MB,7,2026-03-12T10:39:17Z,2,1,false,false,false,gzip,1,100.00,rtt,,false,false,0,0.588291,3.104625,811.148500,0.000000,0.000000,814.841416,407.420708,314.171561,false
focused-header-only-c1,focused-onion,Header-only 2 hops 1 circuit,mixnet,header-only,268435456,256MB,8,2026-03-12T10:39:18Z,2,1,false,false,false,gzip,1,100.00,rtt,,false,false,0,0.680791,3.133083,759.123250,0.000000,0.000000,762.937124,381.468562,335.545344,false
focused-header-only-c1,focused-onion,Header-only 2 hops 1 circuit,mixnet,header-only,268435456,256MB,9,2026-03-12T10:39:19Z,2,1,false,false,false,gzip,1,100.00,rtt,,false,false,0,0.697208,3.054208,795.906250,0.000000,0.000000,799.657666,399.828833,320.136992,false
focused-header-only-c1,focused-onion,Header-only 2 hops 1 circuit,mixnet,header-only,268435456,256MB,10,2026-03-12T10:39:21Z,2,1,false,false,false,gzip,1,100.00,rtt,,false,false,0,0.710166,3.108750,777.355584,0.000000,0.000000,781.174500,390.587250,327.711670,false
focused-header-only-c1,focused-onion,Header-only 2 hops 1 circuit,mixnet,header-only,268435456,256MB,11,2026-03-12T10:39:22Z,2,1,false,false,false,gzip,1,100.00,rtt,,false,false,0,0.631958,3.077792,791.834334,0.000000,0.000000,795.544084,397.772042,321.792350,false
focused-header-only-c1,focused-onion,Header-only 2 hops 1 circuit,mixnet,header-only,268435456,256MB,12,2026-03-12T10:39:24Z,2,1,false,false,false,gzip,1,100.00,rtt,,false,false,0,0.661667,3.048375,874.351000,0.000000,0.000000,878.061042,439.030521,291.551484,true
focused-header-only-c1,focused-onion,Header-only 2 hops 1 circuit,mixnet,header-only,536870912,512MB,1,2026-03-12T10:39:25Z,2,1,false,false,false,gzip,1,100.00,rtt,,false,false,0,0.654834,3.109834,1797.573792,0.000000,0.000000,1801.338460,900.669230,284.233092,false
focused-header-only-c1,focused-onion,Header-only 2 hops 1 circuit,mixnet,header-only,536870912,512MB,2,2026-03-12T10:39:28Z,2,1,false,false,false,gzip,1,100.00,rtt,,false,false,0,0.687000,3.061584,1701.578333,0.000000,0.000000,1705.326917,852.663458,300.235688,false
focused-header-only-c1,focused-onion,Header-only 2 hops 1 circuit,mixnet,header-only,536870912,512MB,3,2026-03-12T10:39:31Z,2,1,false,false,false,gzip,1,100.00,rtt,,false,false,0,0.632625,3.152875,1809.564500,0.000000,0.000000,1813.350000,906.675000,282.350346,false
focused-header-only-c1,focused-onion,Header-only 2 hops 1 circuit,mixnet,header-only,536870912,512MB,4,2026-03-12T10:39:34Z,2,1,false,false,false,gzip,1,100.00,rtt,,false,false,0,0.679792,3.092541,1706.524750,0.000000,0.000000,1710.297083,855.148541,299.363195,false
focused-header-only-c1,focused-onion,Header-only 2 hops 1 circuit,mixnet,header-only,536870912,512MB,5,2026-03-12T10:39:36Z,2,1,false,false,false,gzip,1,100.00,rtt,,false,false,0,0.617416,3.047375,1587.161875,0.000000,0.000000,1590.826666,795.413333,321.845246,true
focused-header-only-c1,focused-onion,Header-only 2 hops 1 circuit,mixnet,header-only,536870912,512MB,6,2026-03-12T10:39:39Z,2,1,false,false,false,gzip,1,100.00,rtt,,false,false,0,0.770167,3.072084,1800.472917,0.000000,0.000000,1804.315168,902.157584,283.764172,false
focused-header-only-c1,focused-onion,Header-only 2 hops 1 circuit,mixnet,header-only,536870912,512MB,7,2026-03-12T10:39:42Z,2,1,false,false,false,gzip,1,100.00,rtt,,false,false,0,0.616042,3.104833,1603.265792,0.000000,0.000000,1606.986667,803.493333,318.608742,false
focused-header-only-c1,focused-onion,Header-only 2 hops 1 circuit,mixnet,header-only,536870912,512MB,8,2026-03-12T10:39:44Z,2,1,false,false,false,gzip,1,100.00,rtt,,false,false,0,0.705750,3.137833,1825.776625,0.000000,0.000000,1829.620208,914.810104,279.839498,false
focused-header-only-c1,focused-onion,Header-only 2 hops 1 circuit,mixnet,header-only,536870912,512MB,9,2026-03-12T10:39:47Z,2,1,false,false,false,gzip,1,100.00,rtt,,false,false,0,0.702708,2.970458,1689.043000,0.000000,0.000000,1692.716166,846.358083,302.472447,false
focused-header-only-c1,focused-onion,Header-only 2 hops 1 circuit,mixnet,header-only,536870912,512MB,10,2026-03-12T10:39:50Z,2,1,false,false,false,gzip,1,100.00,rtt,,false,false,0,0.705333,3.101083,1803.979875,0.000000,0.000000,1807.786291,903.893145,283.219318,false
focused-header-only-c1,focused-onion,Header-only 2 hops 1 circuit,mixnet,header-only,536870912,512MB,11,2026-03-12T10:39:52Z,2,1,false,false,false,gzip,1,100.00,rtt,,false,false,0,0.752834,3.153417,1578.320583,0.000000,0.000000,1582.226834,791.113417,323.594562,true
focused-header-only-c1,focused-onion,Header-only 2 hops 1 circuit,mixnet,header-only,536870912,512MB,12,2026-03-12T10:39:55Z,2,1,false,false,false,gzip,1,100.00,rtt,,false,false,0,0.619125,3.133625,1756.291667,0.000000,0.000000,1760.044417,880.022209,290.901749,false
focused-full-c1,focused-onion,Full onion 2 hops 1 circuit,mixnet,full,16777216,16MB,1,2026-03-12T10:39:57Z,2,1,false,false,false,gzip,1,100.00,rtt,,false,false,0,0.688250,3.129375,130.715959,0.000000,0.000000,134.533584,67.266792,118.929412,false
focused-full-c1,focused-onion,Full onion 2 hops 1 circuit,mixnet,full,16777216,16MB,2,2026-03-12T10:39:57Z,2,1,false,false,false,gzip,1,100.00,rtt,,false,false,0,0.670583,3.036375,129.019875,0.000000,0.000000,132.726833,66.363416,120.548345,false
focused-full-c1,focused-onion,Full onion 2 hops 1 circuit,mixnet,full,16777216,16MB,3,2026-03-12T10:39:58Z,2,1,false,false,false,gzip,1,100.00,rtt,,false,false,0,0.588667,3.133542,131.294792,0.000000,0.000000,135.017001,67.508500,118.503595,false
focused-full-c1,focused-onion,Full onion 2 hops 1 circuit,mixnet,full,16777216,16MB,4,2026-03-12T10:39:58Z,2,1,false,false,false,gzip,1,100.00,rtt,,false,false,0,0.732500,3.128291,119.463000,0.000000,0.000000,123.323791,61.661895,129.739768,true
focused-full-c1,focused-onion,Full onion 2 hops 1 circuit,mixnet,full,16777216,16MB,5,2026-03-12T10:39:58Z,2,1,false,false,false,gzip,1,100.00,rtt,,false,false,0,0.717041,3.090833,130.904334,0.000000,0.000000,134.712208,67.356104,118.771715,false
focused-full-c1,focused-onion,Full onion 2 hops 1 circuit,mixnet,full,16777216,16MB,6,2026-03-12T10:39:59Z,2,1,false,false,false,gzip,1,100.00,rtt,,false,false,0,0.683041,3.126958,129.409459,0.000000,0.000000,133.219458,66.609729,120.102575,false
focused-full-c1,focused-onion,Full onion 2 hops 1 circuit,mixnet,full,16777216,16MB,7,2026-03-12T10:39:59Z,2,1,false,false,false,gzip,1,100.00,rtt,,false,false,0,0.651459,3.134041,129.538834,0.000000,0.000000,133.324334,66.662167,120.008100,false
focused-full-c1,focused-onion,Full onion 2 hops 1 circuit,mixnet,full,16777216,16MB,8,2026-03-12T10:39:59Z,2,1,false,false,false,gzip,1,100.00,rtt,,false,false,0,0.685542,2.965917,123.433375,0.000000,0.000000,127.084834,63.542417,125.900153,false
focused-full-c1,focused-onion,Full onion 2 hops 1 circuit,mixnet,full,16777216,16MB,9,2026-03-12T10:40:00Z,2,1,false,false,false,gzip,1,100.00,rtt,,false,false,0,0.706542,3.124250,121.454750,0.000000,0.000000,125.285542,62.642771,127.708271,false
focused-full-c1,focused-onion,Full onion 2 hops 1 circuit,mixnet,full,16777216,16MB,10,2026-03-12T10:40:00Z,2,1,false,false,false,gzip,1,100.00,rtt,,false,false,0,0.683292,3.156750,122.084958,0.000000,0.000000,125.925000,62.962500,127.059758,false
focused-full-c1,focused-onion,Full onion 2 hops 1 circuit,mixnet,full,16777216,16MB,11,2026-03-12T10:40:00Z,2,1,false,false,false,gzip,1,100.00,rtt,,false,false,0,0.627417,3.074625,120.456792,0.000000,0.000000,124.158834,62.079417,128.867190,true
focused-full-c1,focused-onion,Full onion 2 hops 1 circuit,mixnet,full,16777216,16MB,12,2026-03-12T10:40:01Z,2,1,false,false,false,gzip,1,100.00,rtt,,false,false,0,0.698958,3.132125,122.807292,0.000000,0.000000,126.638375,63.319187,126.344009,false
focused-full-c1,focused-onion,Full onion 2 hops 1 circuit,mixnet,full,33554432,32MB,1,2026-03-12T10:40:01Z,2,1,false,false,false,gzip,1,100.00,rtt,,false,false,0,0.659000,3.146250,237.764666,0.000000,0.000000,241.569916,120.784958,132.466826,false
focused-full-c1,focused-onion,Full onion 2 hops 1 circuit,mixnet,full,33554432,32MB,2,2026-03-12T10:40:01Z,2,1,false,false,false,gzip,1,100.00,rtt,,false,false,0,0.770959,3.062750,220.281750,0.000000,0.000000,224.115459,112.057729,142.783546,true
focused-full-c1,focused-onion,Full onion 2 hops 1 circuit,mixnet,full,33554432,32MB,3,2026-03-12T10:40:02Z,2,1,false,false,false,gzip,1,100.00,rtt,,false,false,0,0.651959,3.141000,224.258000,0.000000,0.000000,228.050959,114.025480,140.319515,true
focused-full-c1,focused-onion,Full onion 2 hops 1 circuit,mixnet,full,33554432,32MB,4,2026-03-12T10:40:02Z,2,1,false,false,false,gzip,1,100.00,rtt,,false,false,0,0.729083,3.123500,225.544084,0.000000,0.000000,229.396667,114.698334,139.496360,false
focused-full-c1,focused-onion,Full onion 2 hops 1 circuit,mixnet,full,33554432,32MB,5,2026-03-12T10:40:03Z,2,1,false,false,false,gzip,1,100.00,rtt,,false,false,0,0.736458,3.079625,226.027458,0.000000,0.000000,229.843541,114.921770,139.225144,false
focused-full-c1,focused-onion,Full onion 2 hops 1 circuit,mixnet,full,33554432,32MB,6,2026-03-12T10:40:03Z,2,1,false,false,false,gzip,1,100.00,rtt,,false,false,0,0.671583,3.117625,245.180083,0.000000,0.000000,248.969291,124.484645,128.529908,false
focused-full-c1,focused-onion,Full onion 2 hops 1 circuit,mixnet,full,33554432,32MB,7,2026-03-12T10:40:04Z,2,1,false,false,false,gzip,1,100.00,rtt,,false,false,0,0.692375,3.022625,228.386500,0.000000,0.000000,232.101500,116.050750,137.870716,false
focused-full-c1,focused-onion,Full onion 2 hops 1 circuit,mixnet,full,33554432,32MB,8,2026-03-12T10:40:04Z,2,1,false,false,false,gzip,1,100.00,rtt,,false,false,0,0.676875,3.119917,227.151750,0.000000,0.000000,230.948542,115.474271,138.559004,false
focused-full-c1,focused-onion,Full onion 2 hops 1 circuit,mixnet,full,33554432,32MB,9,2026-03-12T10:40:05Z,2,1,false,false,false,gzip,1,100.00,rtt,,false,false,0,0.623459,3.138708,242.609541,0.000000,0.000000,246.371708,123.185854,129.885043,false
focused-full-c1,focused-onion,Full onion 2 hops 1 circuit,mixnet,full,33554432,32MB,10,2026-03-12T10:40:05Z,2,1,false,false,false,gzip,1,100.00,rtt,,false,false,0,0.607875,3.128750,239.173459,0.000000,0.000000,242.910084,121.455042,131.735988,false
focused-full-c1,focused-onion,Full onion 2 hops 1 circuit,mixnet,full,33554432,32MB,11,2026-03-12T10:40:06Z,2,1,false,false,false,gzip,1,100.00,rtt,,false,false,0,0.666041,3.099083,235.114333,0.000000,0.000000,238.879457,119.439728,133.958777,false
focused-full-c1,focused-onion,Full onion 2 hops 1 circuit,mixnet,full,33554432,32MB,12,2026-03-12T10:40:06Z,2,1,false,false,false,gzip,1,100.00,rtt,,false,false,0,0.733875,3.125125,241.074125,0.000000,0.000000,244.933125,122.466563,130.647906,false
focused-full-c1,focused-onion,Full onion 2 hops 1 circuit,mixnet,full,67108864,64MB,1,2026-03-12T10:40:07Z,2,1,false,false,false,gzip,1,100.00,rtt,,false,false,0,0.649917,3.094500,471.804000,0.000000,0.000000,475.548417,237.774208,134.581459,false
focused-full-c1,focused-onion,Full onion 2 hops 1 circuit,mixnet,full,67108864,64MB,2,2026-03-12T10:40:07Z,2,1,false,false,false,gzip,1,100.00,rtt,,false,false,0,0.715583,3.085750,468.609875,0.000000,0.000000,472.411208,236.205604,135.475194,false
focused-full-c1,focused-onion,Full onion 2 hops 1 circuit,mixnet,full,67108864,64MB,3,2026-03-12T10:40:08Z,2,1,false,false,false,gzip,1,100.00,rtt,,false,false,0,0.698291,3.195209,475.199584,0.000000,0.000000,479.093084,239.546542,133.585731,false
focused-full-c1,focused-onion,Full onion 2 hops 1 circuit,mixnet,full,67108864,64MB,4,2026-03-12T10:40:09Z,2,1,false,false,false,gzip,1,100.00,rtt,,false,false,0,0.670209,3.036750,489.943292,0.000000,0.000000,493.650251,246.825125,129.646445,true
focused-full-c1,focused-onion,Full onion 2 hops 1 circuit,mixnet,full,67108864,64MB,5,2026-03-12T10:40:10Z,2,1,false,false,false,gzip,1,100.00,rtt,,false,false,0,0.659917,3.122792,472.027083,0.000000,0.000000,475.809792,237.904896,134.507530,false
focused-full-c1,focused-onion,Full onion 2 hops 1 circuit,mixnet,full,67108864,64MB,6,2026-03-12T10:40:10Z,2,1,false,false,false,gzip,1,100.00,rtt,,false,false,0,0.769291,3.062292,465.839625,0.000000,0.000000,469.671208,234.835604,136.265538,false
focused-full-c1,focused-onion,Full onion 2 hops 1 circuit,mixnet,full,67108864,64MB,7,2026-03-12T10:40:11Z,2,1,false,false,false,gzip,1,100.00,rtt,,false,false,0,0.662125,3.177584,462.409333,0.000000,0.000000,466.249042,233.124521,137.265698,false
focused-full-c1,focused-onion,Full onion 2 hops 1 circuit,mixnet,full,67108864,64MB,8,2026-03-12T10:40:12Z,2,1,false,false,false,gzip,1,100.00,rtt,,false,false,0,0.658792,2.981875,469.407041,0.000000,0.000000,473.047708,236.523854,135.292908,false
focused-full-c1,focused-onion,Full onion 2 hops 1 circuit,mixnet,full,67108864,64MB,9,2026-03-12T10:40:13Z,2,1,false,false,false,gzip,1,100.00,rtt,,false,false,0,0.601500,3.053792,464.291791,0.000000,0.000000,467.947083,233.973541,136.767601,false
focused-full-c1,focused-onion,Full onion 2 hops 1 circuit,mixnet,full,67108864,64MB,10,2026-03-12T10:40:13Z,2,1,false,false,false,gzip,1,100.00,rtt,,false,false,0,0.709875,3.106416,463.649750,0.000000,0.000000,467.466041,233.733020,136.908341,false
focused-full-c1,focused-onion,Full onion 2 hops 1 circuit,mixnet,full,67108864,64MB,11,2026-03-12T10:40:14Z,2,1,false,false,false,gzip,1,100.00,rtt,,false,false,0,0.718292,3.156708,480.528334,0.000000,0.000000,484.403334,242.201667,132.121304,true
focused-full-c1,focused-onion,Full onion 2 hops 1 circuit,mixnet,full,67108864,64MB,12,2026-03-12T10:40:15Z,2,1,false,false,false,gzip,1,100.00,rtt,,false,false,0,0.604500,3.065250,470.806250,0.000000,0.000000,474.476000,237.238000,134.885642,false
focused-full-c1,focused-onion,Full onion 2 hops 1 circuit,mixnet,full,134217728,128MB,1,2026-03-12T10:40:16Z,2,1,false,false,false,gzip,1,100.00,rtt,,false,false,0,0.647792,3.088792,915.234250,0.000000,0.000000,918.970834,459.485417,139.286249,false
focused-full-c1,focused-onion,Full onion 2 hops 1 circuit,mixnet,full,134217728,128MB,2,2026-03-12T10:40:17Z,2,1,false,false,false,gzip,1,100.00,rtt,,false,false,0,0.608458,3.111584,891.279500,0.000000,0.000000,894.999542,447.499771,143.016833,true
focused-full-c1,focused-onion,Full onion 2 hops 1 circuit,mixnet,full,134217728,128MB,3,2026-03-12T10:40:18Z,2,1,false,false,false,gzip,1,100.00,rtt,,false,false,0,0.767375,3.070208,914.101791,0.000000,0.000000,917.939374,458.969687,139.442760,false
focused-full-c1,focused-onion,Full onion 2 hops 1 circuit,mixnet,full,134217728,128MB,4,2026-03-12T10:40:20Z,2,1,false,false,false,gzip,1,100.00,rtt,,false,false,0,0.669209,3.096125,911.042125,0.000000,0.000000,914.807459,457.403730,139.920153,false
focused-full-c1,focused-onion,Full onion 2 hops 1 circuit,mixnet,full,134217728,128MB,5,2026-03-12T10:40:21Z,2,1,false,false,false,gzip,1,100.00,rtt,,false,false,0,0.697417,3.027292,911.164334,0.000000,0.000000,914.889043,457.444522,139.907676,false
focused-full-c1,focused-onion,Full onion 2 hops 1 circuit,mixnet,full,134217728,128MB,6,2026-03-12T10:40:22Z,2,1,false,false,false,gzip,1,100.00,rtt,,false,false,0,0.762625,3.064583,911.429375,0.000000,0.000000,915.256583,457.628292,139.851493,false
focused-full-c1,focused-onion,Full onion 2 hops 1 circuit,mixnet,full,134217728,128MB,7,2026-03-12T10:40:23Z,2,1,false,false,false,gzip,1,100.00,rtt,,false,false,0,0.767791,3.065250,943.713292,0.000000,0.000000,947.546333,473.773167,135.085743,true
focused-full-c1,focused-onion,Full onion 2 hops 1 circuit,mixnet,full,134217728,128MB,8,2026-03-12T10:40:25Z,2,1,false,false,false,gzip,1,100.00,rtt,,false,false,0,0.628083,3.126000,917.403625,0.000000,0.000000,921.157708,460.578854,138.955576,false
focused-full-c1,focused-onion,Full onion 2 hops 1 circuit,mixnet,full,134217728,128MB,9,2026-03-12T10:40:26Z,2,1,false,false,false,gzip,1,100.00,rtt,,false,false,0,0.735334,3.142750,914.378083,0.000000,0.000000,918.256167,459.128083,139.394653,false
focused-full-c1,focused-onion,Full onion 2 hops 1 circuit,mixnet,full,134217728,128MB,10,2026-03-12T10:40:27Z,2,1,false,false,false,gzip,1,100.00,rtt,,false,false,0,0.613250,3.126000,907.749458,0.000000,0.000000,911.488708,455.744354,140.429606,false
focused-full-c1,focused-onion,Full onion 2 hops 1 circuit,mixnet,full,134217728,128MB,11,2026-03-12T10:40:29Z,2,1,false,false,false,gzip,1,100.00,rtt,,false,false,0,0.743542,3.010042,894.066917,0.000000,0.000000,897.820501,448.910251,142.567473,false
focused-full-c1,focused-onion,Full onion 2 hops 1 circuit,mixnet,full,134217728,128MB,12,2026-03-12T10:40:30Z,2,1,false,false,false,gzip,1,100.00,rtt,,false,false,0,0.659042,3.139875,894.119500,0.000000,0.000000,897.918417,448.959208,142.551926,false
focused-full-c1,focused-onion,Full onion 2 hops 1 circuit,mixnet,full,268435456,256MB,1,2026-03-12T10:40:31Z,2,1,false,false,false,gzip,1,100.00,rtt,,false,false,0,0.761958,3.129541,1762.338458,0.000000,0.000000,1766.229957,883.114979,144.941489,false
focused-full-c1,focused-onion,Full onion 2 hops 1 circuit,mixnet,full,268435456,256MB,2,2026-03-12T10:40:34Z,2,1,false,false,false,gzip,1,100.00,rtt,,false,false,0,0.724375,3.006875,1749.479459,0.000000,0.000000,1753.210709,876.605354,146.017817,false
focused-full-c1,focused-onion,Full onion 2 hops 1 circuit,mixnet,full,268435456,256MB,3,2026-03-12T10:40:36Z,2,1,false,false,false,gzip,1,100.00,rtt,,false,false,0,0.655250,3.184667,1742.846833,0.000000,0.000000,1746.686750,873.343375,146.563200,false
focused-full-c1,focused-onion,Full onion 2 hops 1 circuit,mixnet,full,268435456,256MB,4,2026-03-12T10:40:38Z,2,1,false,false,false,gzip,1,100.00,rtt,,false,false,0,0.608542,3.122209,1800.797041,0.000000,0.000000,1804.527792,902.263896,141.865368,false
focused-full-c1,focused-onion,Full onion 2 hops 1 circuit,mixnet,full,268435456,256MB,5,2026-03-12T10:40:41Z,2,1,false,false,false,gzip,1,100.00,rtt,,false,false,0,0.647167,3.153458,1740.906125,0.000000,0.000000,1744.706750,872.353375,146.729529,true
focused-full-c1,focused-onion,Full onion 2 hops 1 circuit,mixnet,full,268435456,256MB,6,2026-03-12T10:40:43Z,2,1,false,false,false,gzip,1,100.00,rtt,,false,false,0,0.645208,3.030167,1842.609084,0.000000,0.000000,1846.284459,923.142229,138.656857,true
focused-full-c1,focused-onion,Full onion 2 hops 1 circuit,mixnet,full,268435456,256MB,7,2026-03-12T10:40:45Z,2,1,false,false,false,gzip,1,100.00,rtt,,false,false,0,0.709709,3.132167,1797.782667,0.000000,0.000000,1801.624543,900.812271,142.093979,false
focused-full-c1,focused-onion,Full onion 2 hops 1 circuit,mixnet,full,268435456,256MB,8,2026-03-12T10:40:48Z,2,1,false,false,false,gzip,1,100.00,rtt,,false,false,0,0.682000,3.095541,1793.548500,0.000000,0.000000,1797.326041,898.663021,142.433812,false
focused-full-c1,focused-onion,Full onion 2 hops 1 circuit,mixnet,full,268435456,256MB,9,2026-03-12T10:40:50Z,2,1,false,false,false,gzip,1,100.00,rtt,,false,false,0,0.697166,3.097958,1791.187084,0.000000,0.000000,1794.982208,897.491104,142.619798,false
focused-full-c1,focused-onion,Full onion 2 hops 1 circuit,mixnet,full,268435456,256MB,10,2026-03-12T10:40:52Z,2,1,false,false,false,gzip,1,100.00,rtt,,false,false,0,0.700292,3.128083,1743.186792,0.000000,0.000000,1747.015167,873.507584,146.535648,false
focused-full-c1,focused-onion,Full onion 2 hops 1 circuit,mixnet,full,268435456,256MB,11,2026-03-12T10:40:55Z,2,1,false,false,false,gzip,1,100.00,rtt,,false,false,0,0.646041,2.973958,1793.025208,0.000000,0.000000,1796.645207,898.322604,142.487787,false
focused-full-c1,focused-onion,Full onion 2 hops 1 circuit,mixnet,full,268435456,256MB,12,2026-03-12T10:40:57Z,2,1,false,false,false,gzip,1,100.00,rtt,,false,false,0,0.684791,3.078875,1745.200542,0.000000,0.000000,1748.964208,874.482104,146.372349,false
focused-full-c1,focused-onion,Full onion 2 hops 1 circuit,mixnet,full,536870912,512MB,1,2026-03-12T10:41:00Z,2,1,false,false,false,gzip,1,100.00,rtt,,false,false,0,0.641417,3.143250,3562.858000,0.000000,0.000000,3566.642667,1783.321334,143.552368,false
focused-full-c1,focused-onion,Full onion 2 hops 1 circuit,mixnet,full,536870912,512MB,2,2026-03-12T10:41:04Z,2,1,false,false,false,gzip,1,100.00,rtt,,false,false,0,0.588875,3.097583,3647.519042,0.000000,0.000000,3651.205500,1825.602750,140.227659,true
focused-full-c1,focused-onion,Full onion 2 hops 1 circuit,mixnet,full,536870912,512MB,3,2026-03-12T10:41:09Z,2,1,false,false,false,gzip,1,100.00,rtt,,false,false,0,0.716041,3.107292,3548.128500,0.000000,0.000000,3551.951833,1775.975916,144.146099,false
focused-full-c1,focused-onion,Full onion 2 hops 1 circuit,mixnet,full,536870912,512MB,4,2026-03-12T10:41:13Z,2,1,false,false,false,gzip,1,100.00,rtt,,false,false,0,0.630375,3.157792,3619.275292,0.000000,0.000000,3623.063459,1811.531729,141.316873,true
focused-full-c1,focused-onion,Full onion 2 hops 1 circuit,mixnet,full,536870912,512MB,5,2026-03-12T10:41:18Z,2,1,false,false,false,gzip,1,100.00,rtt,,false,false,0,0.705416,3.125334,3566.517917,0.000000,0.000000,3570.348667,1785.174334,143.403361,false
focused-full-c1,focused-onion,Full onion 2 hops 1 circuit,mixnet,full,536870912,512MB,6,2026-03-12T10:41:23Z,2,1,false,false,false,gzip,1,100.00,rtt,,false,false,0,0.653416,3.106959,3557.605708,0.000000,0.000000,3561.366083,1780.683041,143.765058,false
focused-full-c1,focused-onion,Full onion 2 hops 1 circuit,mixnet,full,536870912,512MB,7,2026-03-12T10:41:27Z,2,1,false,false,false,gzip,1,100.00,rtt,,false,false,0,0.748042,3.118208,3545.947875,0.000000,0.000000,3549.814125,1774.907062,144.232904,false
focused-full-c1,focused-onion,Full onion 2 hops 1 circuit,mixnet,full,536870912,512MB,8,2026-03-12T10:41:32Z,2,1,false,false,false,gzip,1,100.00,rtt,,false,false,0,0.664958,3.181666,3607.101500,0.000000,0.000000,3610.948124,1805.474062,141.791015,false
focused-full-c1,focused-onion,Full onion 2 hops 1 circuit,mixnet,full,536870912,512MB,9,2026-03-12T10:41:36Z,2,1,false,false,false,gzip,1,100.00,rtt,,false,false,0,0.669833,3.125959,3566.207875,0.000000,0.000000,3570.003667,1785.001833,143.417220,false
focused-full-c1,focused-onion,Full onion 2 hops 1 circuit,mixnet,full,536870912,512MB,10,2026-03-12T10:41:41Z,2,1,false,false,false,gzip,1,100.00,rtt,,false,false,0,0.680542,3.142334,3553.367708,0.000000,0.000000,3557.190584,1778.595292,143.933812,false
focused-full-c1,focused-onion,Full onion 2 hops 1 circuit,mixnet,full,536870912,512MB,11,2026-03-12T10:41:45Z,2,1,false,false,false,gzip,1,100.00,rtt,,false,false,0,0.699375,3.109584,3605.047167,0.000000,0.000000,3608.856126,1804.428063,141.873209,false
focused-full-c1,focused-onion,Full onion 2 hops 1 circuit,mixnet,full,536870912,512MB,12,2026-03-12T10:41:50Z,2,1,false,false,false,gzip,1,100.00,rtt,,false,false,0,0.721333,3.137875,3601.846792,0.000000,0.000000,3605.706000,1802.853000,141.997157,false
